Id,Snow Depth [cm]
0,0.7366495
1,12.770063
2,0.37660545
3,0.69900113
4,7.102108
5,0.0357942
6,0.55917585
7,0.56077456
8,16.44202
9,0.7581198
10,0.5696304
11,-0.00659138
12,0.701829
13,0.25244957
14,0.58177793
15,0.3257498
16,0.7170655
17,0.56744605
18,6.226956
19,0.80739516
20,0.41857734
21,4.387711
22,0.67800844
23,0.6979818
24,0.19621974
25,0.7927735
26,0.7055636
27,0.14587194
28,0.13481277
29,0.5971669
30,0.34562463
31,0.20500928
32,0.7420792
33,0.51947784
34,0.33155257
35,0.72313714
36,0.66071254
37,0.64506125
38,4.1823344
39,21.04092
40,0.30777842
41,0.3814772
42,0.66700697
43,0.67860967
44,-0.01987356
45,0.034637272
46,0.32979184
47,0.47176775
48,0.48240158
49,7.96487
50,0.5030948
51,2.7840192
52,11.85029
53,0.17850953
54,4.1928797
55,0.030586898
56,0.68821186
57,3.744708
58,0.058413684
59,1.7956595
60,0.47445825
61,0.53367126
62,0.55990344
63,0.59892833
64,8.4064865
65,0.62622696
66,0.55926716
67,0.35940415
68,0.4165096
69,0.6527887
70,0.69650054
71,15.005262
72,0.6039533
73,0.90297616
74,9.016892
75,0.6834725
76,12.9221
77,0.3551671
78,0.8486605
79,-0.019669712
80,0.48266003
81,0.7652979
82,-0.020526707
83,0.7340676
84,0.584824
85,0.3180061
86,8.521923
87,0.25437862
88,-0.007141054
89,0.73019326
90,0.29367703
91,0.5135478
92,0.5688089
93,0.25376827
94,10.377303
95,0.6624874
96,0.68727815
97,0.9989058
98,0.19890338
99,0.35592586
100,0.624039
101,0.38309458
102,0.53001416
103,0.013562977
104,10.642767
105,0.58107704
106,10.341096
107,0.8404889
108,0.3617137
109,0.007812917
110,0.8732821
111,18.899925
112,0.13275963
113,8.2881155
114,0.20388538
115,0.7340749
116,-0.011546195
117,0.68403846
118,0.51798964
119,0.5791443
120,0.22076684
121,0.7446087
122,0.6046416
123,0.72396135
124,3.6454155
125,0.22073764
126,-0.01654619
127,4.251598
128,0.25920814
129,0.43614873
130,0.56792885
131,0.7668007
132,0.49407002
133,0.68825823
134,0.11414486
135,6.4787064
136,0.81990135
137,0.5754578
138,0.35171658
139,0.30912286
140,-0.006559074
141,0.5310463
142,0.3526135
143,0.33467823
144,8.617469
145,0.6846592
146,0.04217714
147,0.52601635
148,0.6793895
149,0.6043673
150,0.68597084
151,9.568232
152,1.3763418
153,-0.017387807
154,0.81386817
155,0.38733992
156,10.628611
157,0.45828477
158,-0.020543158
159,0.47247598
160,0.72945315
161,0.47507164
162,0.634052
163,0.4024363
164,0.36046463
165,0.26419407
166,0.1907689
167,0.488498
168,0.14046282
169,7.1208405
170,0.5940013
171,0.75197273
172,0.6733631
173,0.56029886
174,0.3933225
175,0.49917915
176,0.71239626
177,0.3185057
178,1.631665
179,0.4424775
180,0.4226227
181,0.6890489
182,0.35726136
183,0.44522914
184,0.65735537
185,0.011070311
186,0.8739448
187,-0.006182849
188,0.68857384
189,0.19702381
190,0.031221926
191,0.6871494
192,0.8016907
193,10.662862
194,0.5886259
195,0.5236795
196,2.397654
197,1.7641051
198,0.3321188
199,0.5562991
200,0.5633569
201,0.7861508
202,0.96615547
203,0.39397106
204,0.6026155
205,0.5444093
206,0.5265144
207,0.578453
208,0.49493554
209,0.05542451
210,0.43691853
211,0.43292764
212,0.5370326
213,0.80188715
214,0.54586077
215,0.2485823
216,0.61478525
217,-0.013854921
218,0.68125695
219,0.4815866
220,0.68980634
221,1.1086698
222,0.65003335
223,-0.019825637
224,0.40335026
225,0.39616212
226,8.792385
227,8.084629
228,0.6808799
229,0.7354956
230,4.0480027
231,0.58544105
232,0.5902982
233,4.604099
234,0.5257144
235,0.6706558
236,0.86855423
237,0.2748782
238,0.42766985
239,0.60132444
240,9.698521
241,8.341693
242,0.5840944
243,0.46754417
244,0.2327711
245,0.006471098
246,0.6464766
247,20.936562
248,0.71481574
249,0.6780105
250,-0.019162
251,0.46824524
252,0.42082354
253,0.39174673
254,0.50460494
255,0.47261146
256,0.45200732
257,0.5373895
258,0.68692976
259,16.712078
260,0.51142967
261,-0.0202052
262,0.44581702
263,0.584737
264,0.17599565
265,0.6339655
266,1.0218203
267,0.3146817
268,-0.002541006
269,0.5148015
270,0.37312204
271,0.45114002
272,0.29249436
273,0.67629546
274,0.465036
275,0.6380819
276,0.6955466
277,0.52285576
278,18.87746
279,0.8481158
280,0.66609627
281,0.4312829
282,0.30484086
283,0.50130117
284,0.45865622
285,0.3521307
286,0.5237694
287,22.157738
288,0.4410977
289,0.13392013
290,0.26983076
291,0.35699314
292,0.42134663
293,0.4417406
294,0.3889068
295,0.32850152
296,0.5132264
297,0.8315516
298,0.28477067
299,0.63128865
300,-0.018791378
301,0.5828723
302,0.5593623
303,0.45599714
304,0.69562876
305,4.2592406
306,0.15539426
307,0.44297054
308,0.50993717
309,0.6111617
310,0.6354742
311,0.57476366
312,0.16720861
313,0.933963
314,8.036266
315,0.54681945
316,0.51027465
317,0.7786732
318,0.21926194
319,0.20466417
320,0.72931474
321,0.7812332
322,0.72608984
323,0.58728224
324,5.910095
325,0.41089407
326,0.70025814
327,0.83720595
328,7.5442433
329,0.58254224
330,0.25343472
331,7.7124124
332,0.74418056
333,0.13830882
334,12.164684
335,0.53220224
336,0.45477024
337,0.6170995
338,-0.02047056
339,0.6133803
340,0.608042
341,3.1897001
342,-0.0174281
343,0.6939524
344,4.2475233
345,0.49209008
346,0.5251931
347,0.37746543
348,0.7104419
349,0.55227506
350,0.59569997
351,0.5379659
352,0.70365644
353,0.7460551
354,0.1391856
355,0.44350854
356,0.9431473
357,0.18380159
358,6.722293
359,0.13572365
360,0.8410081
361,0.77766204
362,0.45515344
363,0.46324196
364,13.01993
365,0.3481626
366,0.47003755
367,0.4472699
368,0.47823384
369,0.6960389
370,0.4132299
371,0.68846804
372,0.38686123
373,8.269397
374,0.31477302
375,0.365035
376,0.56220794
377,0.4823865
378,0.4309645
379,0.50098526
380,0.7116242
381,0.24277836
382,0.4878011
383,0.5263994
384,10.194816
385,0.7795572
386,9.061118
387,0.16228789
388,0.48652604
389,0.6493011
390,0.50697255
391,0.63544226
392,0.5536806
393,0.8791017
394,0.02071923
395,0.7181585
396,0.563511
397,0.7081857
398,2.0958395
399,0.58124155
400,0.81137466
401,0.4840745
402,0.5885629
403,0.6897021
404,0.26041168
405,0.68554854
406,0.61261743
407,0.6150871
408,0.61188525
409,0.41927007
410,0.70737505
411,0.6562307
412,0.058205187
413,0.4674128
414,0.26624626
415,0.4973518
416,0.39470747
417,0.40543643
418,0.7922214
419,0.5734922
420,0.70624554
421,0.22908956
422,0.45366964
423,8.546232
424,0.4624916
425,0.2190296
426,0.26640242
427,7.2265716
428,-0.008593977
429,7.167273
430,6.6123977
431,0.53505135
432,5.7073984
433,7.148837
434,0.84332323
435,0.50989854
436,0.44312432
437,0.5678754
438,0.43116292
439,0.5722654
440,0.62703425
441,0.802037
442,0.4540634
443,0.48644802
444,11.423912
445,0.2639442
446,0.40546563
447,0.28102344
448,0.30393535
449,0.008884251
450,0.4122946
451,0.6984608
452,0.14916378
453,0.18815392
454,0.6579158
455,0.6265854
456,0.80628586
457,0.7923502
458,0.44549248
459,0.39699534
460,0.3338235
461,0.46302435
462,4.3664913
463,0.49425706
464,0.43783066
465,0.5784929
466,0.6188285
467,3.3185217
468,0.2335921
469,0.5578983
470,2.3226404
471,0.42498818
472,0.15769011
473,0.54807925
474,9.572167
475,17.182772
476,0.5627473
477,0.64259523
478,0.09779996
479,0.20664662
480,0.6062756
481,0.19800907
482,0.5014726
483,-0.019663513
484,0.1878385
485,0.69415796
486,8.515098
487,0.6289227
488,0.67519575
489,0.53798056
490,0.47993234
491,0.6579973
492,0.6843832
493,0.36336964
494,0.7785171
495,0.8027124
496,3.0243807
497,0.14857167
498,0.27679962
499,0.61022943
500,0.7900317
501,0.5278342
502,7.9126544
503,0.70009845
504,0.1348744
505,0.6635161
506,0.6966897
507,0.2561465
508,8.801384
509,0.43862227
510,-0.015062749
511,0.635776
512,0.43323627
513,0.000127018
514,0.6702981
515,-0.020525038
516,-0.020386279
517,0.4340432
518,0.62119323
519,0.8472964
520,0.7424691
521,0.53727305
522,8.83563
523,0.33641416
524,0.58020884
525,0.66360736
526,4.7161145
527,8.251443
528,0.26795202
529,0.08661574
530,0.36145216
531,0.64682084
532,0.647003
533,0.6603263
534,0.77746344
535,-0.012176931
536,0.5393175
537,0.6286235
538,0.59881693
539,0.62717026
540,3.7738147
541,0.5750209
542,0.45734534
543,0.73447627
544,20.810005
545,0.38405594
546,0.48847237
547,0.3354352
548,0.25976235
549,5.536048
550,2.3372219
551,0.11027819
552,0.58796954
553,0.3417501
554,0.49104527
555,6.359411
556,-0.013771474
557,0.6965806
558,0.05923146
559,0.4806305
560,0.3899676
561,0.11120182
562,0.8127189
563,0.21694893
564,0.6402615
565,2.13124
566,0.16271323
567,11.165903
568,0.7261667
569,26.741314
570,0.60270905
571,0.3817022
572,4.841459
573,0.44922808
574,0.34594315
575,11.744329
576,0.8116937
577,0.71820533
578,0.862983
579,10.8766775
580,0.4645641
581,0.47952858
582,0.19292194
583,0.7251975
584,0.36321884
585,0.24996251
586,0.24518281
587,0.6211424
588,-0.019576728
589,0.6631433
590,0.6699001
591,0.5769892
592,0.301436
593,0.5582818
594,0.42780694
595,0.95973796
596,0.14180344
597,19.564627
598,-0.017495215
599,3.6185439
600,0.03226596
601,0.43377718
602,0.8257913
603,0.56481254
604,0.30349547
605,-0.00573498
606,11.568228
607,0.8522886
608,0.5349301
609,-0.015936792
610,0.06803852
611,0.82731336
612,0.50831985
613,0.4981164
614,0.68556154
615,0.28297502
616,0.6104786
617,0.6422512
618,0.6916129
619,0.47281185
620,0.82463723
621,0.000479162
622,0.461786
623,0.40145448
624,0.4805545
625,0.53159714
626,0.3103071
627,0.75659335
628,0.18851155
629,-0.011442244
630,0.5737029
631,0.2982822
632,0.58090127
633,17.699375
634,0.2559325
635,0.49607983
636,0.21905881
637,3.262948
638,0.7505716
639,0.45922706
640,0.23283881
641,0.6843859
642,3.8691666
643,0.73528
644,0.36096436
645,0.7556162
646,0.03421837
647,0.7996439
648,0.63472563
649,0.37640816
650,0.5792479
651,0.6847189
652,0.018620908
653,0.6038138
654,5.754511
655,0.7702727
656,0.6677406
657,0.76017785
658,0.24256617
659,0.58085215
660,0.69844943
661,0.3459056
662,0.63590056
663,0.34265083
664,0.69306475
665,0.4569507
666,0.85435367
667,4.310577
668,0.80104566
669,0.59013265
670,0.5636109
671,0.20314234
672,0.42519614
673,0.21775395
674,0.5513708
675,0.7277638
676,-0.000777781
677,0.617807
678,0.24302
679,0.65424484
680,0.31408614
681,-0.020436227
682,0.65118337
683,0.26648754
684,0.6099756
685,4.5463977
686,0.56792635
687,0.21454483
688,0.61088103
689,0.54279715
690,0.41147467
691,0.23023862
692,0.6148255
693,0.22750276
694,0.58249664
695,0.27766162
696,0.7005799
697,0.2666598
698,0.52669525
699,0.8136585
700,0.47748688
701,0.5454916
702,0.7359397
703,0.54635656
704,0.6649444
705,8.041764
706,0.5228075
707,0.15997106
708,8.199845
709,0.64683664
710,-0.019603908
711,0.76419276
712,0.4658682
713,0.47150782
714,0.29003352
715,0.13786906
716,0.75929
717,10.395838
718,-0.012275279
719,4.234145
720,0.62861663
721,0.48620012
722,0.530282
723,0.3038692
724,0.61905587
725,1.3871169
726,0.62069964
727,0.7238953
728,0.52508783
729,0.6744335
730,0.5279113
731,-0.018148601
732,0.6533237
733,-0.00316745
734,4.6916056
735,0.3100509
736,0.42810807
737,0.6443196
738,0.37319416
739,0.44821247
740,0.6454907
741,0.6604228
742,0.33292657
743,0.40751633
744,0.05096501
745,3.7203033
746,18.751072
747,0.60339713
748,0.7039112
749,0.34344178
750,0.61101156
751,0.7171219
752,0.8030489
753,0.26332015
754,0.5361779
755,0.5328615
756,0.14883524
757,0.63859344
758,3.9067662
759,0.15571982
760,0.39213923
761,0.07002479
762,0.5396205
763,0.24393827
764,0.7667291
765,0.44984928
766,0.8098476
767,0.6598425
768,0.28562516
769,0.6721251
770,3.6179764
771,-0.012683332
772,0.6857025
773,0.7086375
774,17.587599
775,0.53157914
776,0.36707157
777,0.7271871
778,0.6831042
779,0.32063097
780,-0.019503176
781,0.12444681
782,0.57391113
783,0.4293327
784,0.3004753
785,0.16319913
786,0.3999832
787,0.42019585
788,0.52644265
789,0.73159844
790,0.3931192
791,0.31133646
792,-0.019715011
793,0.4687623
794,0.55402887
795,0.65915865
796,0.14636523
797,0.33906072
798,0.58030605
799,0.6763135
800,0.6859431
801,0.60610676
802,0.73086256
803,-0.01824814
804,0.7455776
805,0.7619159
806,0.7544707
807,0.5870742
808,0.44367692
809,0.52459645
810,0.4412475
811,0.51374876
812,-0.018638074
813,0.17867023
814,17.944504
815,0.46800962
816,0.4704217
817,0.5019524
818,0.42272446
819,0.5429795
820,0.008308828
821,0.67383254
822,0.5962575
823,0.4967629
824,0.7757276
825,0.62259793
826,7.1641912
827,0.19764668
828,0.67350465
829,0.30239242
830,3.7913082
831,0.53481805
832,3.2890074
833,0.5045668
834,0.269391
835,0.5237156
836,0.5529279
837,3.9346764
838,8.090566
839,0.83593476
840,0.6818697
841,2.834071
842,0.5841414
843,-0.015463531
844,0.7881379
845,0.54878116
846,0.54482394
847,0.6968836
848,0.33972734
849,0.7236035
850,0.8050992
851,0.5897927
852,0.48448524
853,8.016046
854,0.54345745
855,0.7131091
856,0.55895525
857,0.6160521
858,0.5599938
859,0.35233563
860,0.6061696
861,8.920269
862,0.5717195
863,0.6231028
864,0.17798632
865,-0.015138209
866,0.30213255
867,7.714524
868,0.26163632
869,0.6591966
870,0.67088234
871,0.23586804
872,0.5478697
873,4.937592
874,0.5374589
875,0.14193422
876,9.16097
877,0.69719106
878,0.33856684
879,0.6268176
880,0.2979086
881,0.8110987
882,0.2717753
883,0.6459577
884,12.267534
885,0.07525021
886,0.3946375
887,0.59164315
888,0.7013445
889,0.49345508
890,4.0863237
891,0.38124698
892,0.861379
893,0.620658
894,0.83777606
895,0.5175109
896,6.21945
897,0.46361032
898,0.25851268
899,0.556897
900,0.6346233
901,0.687349
902,0.47211376
903,9.651388
904,0.728384
905,0.20222062
906,0.55245143
907,0.7994441
908,0.45489952
909,0.5984258
910,0.30879956
911,-0.012415707
912,0.7237018
913,0.84514576
914,0.6598163
915,0.7422425
916,3.6952524
917,13.372062
918,17.12655
919,0.2208702
920,1.3182423
921,-0.02044636
922,0.49477795
923,8.892263
924,-0.020145595
925,0.24315923
926,0.60881186
927,0.4737126
928,21.599442
929,0.06461388
930,11.1377945
931,0.44142678
932,0.16505116
933,0.5835969
934,10.120709
935,0.39473245
936,0.7045493
937,0.8341429
938,0.57849693
939,0.42307934
940,0.7937106
941,0.33569652
942,0.7389605
943,0.75510716
944,0.6962785
945,0.45573983
946,5.7018323
947,0.6336759
948,0.85775375
949,0.007318318
950,2.338184
951,4.4085255
952,0.7243038
953,10.192663
954,0.16775674
955,0.7716246
956,11.929108
957,0.22639424
958,0.22848028
959,0.312208
960,0.7708728
961,0.6380658
962,0.6022781
963,0.38511744
964,0.23051912
965,0.03956145
966,-0.019810498
967,0.5757012
968,0.60797834
969,0.71626925
970,0.5935251
971,0.49413583
972,0.71974987
973,10.471492
974,0.65146327
975,0.81161326
976,-0.001043856
977,0.4236128
978,0.6783222
979,8.29207
980,3.781603
981,0.8534647
982,0.1536594
983,-0.018871486
984,0.64927655
985,0.44247958
986,0.40850702
987,14.95424
988,0.7115615
989,5.411955
990,0.41631272
991,0.0874055
992,0.22810465
993,0.6472768
994,0.25036675
995,0.5595835
996,0.72112316
997,0.6791466
998,4.5643167
999,-0.01968652
1000,0.62402606
1001,0.3617466
1002,0.64006156
1003,0.6339613
1004,0.6439637
1005,15.750031
1006,0.6637089
1007,0.53255284
1008,0.5902604
1009,0.4834666
1010,0.63599986
1011,0.6316795
1012,0.48898038
1013,0.21762997
1014,0.5559415
1015,0.27458507
1016,17.746853
1017,0.77738166
1018,0.62303257
1019,0.69685864
1020,0.48873428
1021,0.7286224
1022,0.009116232
1023,0.575116
1024,5.043846
1025,0.56190103
1026,0.2230056
1027,0.44692168
1028,0.597184
1029,-0.018588126
1030,0.56636685
1031,0.6856011
1032,0.5428292
1033,0.21630305
1034,0.28968972
1035,0.21601456
1036,0.4168721
1037,0.39896533
1038,0.110521734
1039,0.15509719
1040,0.5261148
1041,0.29718035
1042,0.5570597
1043,0.5327636
1044,10.5856085
1045,0.6055144
1046,-0.019662201
1047,0.47050288
1048,12.837315
1049,0.41657296
1050,0.7447934
1051,0.6053171
1052,5.1405535
1053,0.37669986
1054,0.020115554
1055,0.32954532
1056,0.11012691
1057,0.4940491
1058,13.17098
1059,-0.020519078
1060,9.7759
1061,0.7288868
1062,6.581274
1063,0.3175574
1064,0.8539523
1065,0.3258975
1066,-0.019020736
1067,0.07063788
1068,-0.020120084
1069,10.641156
1070,2.2350547
1071,0.55119795
1072,0.6676854
1073,0.084846556
1074,0.47575393
1075,0.6730367
1076,0.6122195
1077,-0.018377006
1078,16.493448
1079,0.7591085
1080,0.6104842
1081,2.4558687
1082,0.7779497
1083,7.9083595
1084,0.7138872
1085,0.38370982
1086,0.26729614
1087,0.7550747
1088,0.011921942
1089,0.19567019
1090,1.0871079
1091,0.5153191
1092,0.5167823
1093,-0.018758953
1094,12.945429
1095,0.2702362
1096,0.84369373
1097,0.6325911
1098,0.48574725
1099,0.6253501
1100,0.01539582
1101,0.47266075
1102,0.567525
1103,-0.019764721
1104,0.64559835
1105,0.6297202
1106,-0.011188209
1107,0.70548755
1108,0.35312265
1109,0.64706
1110,0.2652554
1111,0.057984054
1112,0.1767357
1113,0.63798106
1114,0.36140543
1115,0.62094164
1116,0.784299
1117,0.1488002
1118,0.32848054
1119,0.5702809
1120,0.7712422
1121,0.06949633
1122,0.6571868
1123,0.4736652
1124,0.7381221
1125,0.1154632
1126,0.19448477
1127,0.65238196
1128,0.75003004
1129,0.5589105
1130,4.2782035
1131,0.7067832
1132,0.67553616
1133,0.04200703
1134,0.6678317
1135,0.4725376
1136,8.483005
1137,0.41135225
1138,0.7891289
1139,9.80711
1140,0.6118209
1141,0.5180805
1142,10.246323
1143,0.5841988
1144,0.37188333
1145,0.22270352
1146,0.6682622
1147,-0.020320475
1148,0.7231134
1149,4.8706174
1150,0.74225223
1151,0.6568481
1152,0.61268765
1153,0.606302
1154,4.469485
1155,0.18169695
1156,0.28710884
1157,3.995004
1158,0.21356434
1159,0.56654376
1160,0.6842555
1161,4.9050794
1162,-0.02049452
1163,0.53226554
1164,-0.01070708
1165,0.49611118
1166,0.34762996
1167,0.33024997
1168,0.7104699
1169,0.48757312
1170,0.27388138
1171,0.4557884
1172,0.871466
1173,14.498926
1174,0.44604632
1175,5.2510066
1176,0.71024305
1177,4.4614296
1178,0.6700519
1179,0.46495983
1180,0.5424557
1181,0.54240096
1182,0.5578663
1183,4.3589506
1184,0.70381916
1185,0.420231
1186,8.289618
1187,0.68007255
1188,0.40079227
1189,0.67474926
1190,0.5279039
1191,0.13575417
1192,0.70956606
1193,0.7408298
1194,0.05879754
1195,0.26235336
1196,0.55003345
1197,0.3621704
1198,0.60119015
1199,0.6482687
1200,0.009917319
1201,0.5673753
1202,0.31399184
1203,0.059045255
1204,0.531404
1205,0.5719237
1206,0.46056387
1207,0.6615302
1208,0.07625395
1209,0.61703265
1210,0.72386074
1211,0.53682256
1212,0.58654445
1213,0.1842044
1214,0.3672008
1215,0.54837203
1216,0.68048847
1217,0.7212579
1218,0.5348855
1219,0.35596806
1220,-0.001491487
1221,0.33614177
1222,2.050803
1223,0.7358153
1224,0.38966098
1225,0.7615539
1226,0.5787919
1227,0.5531757
1228,0.43330613
1229,0.16759771
1230,0.55464524
1231,14.820717
1232,0.37393123
1233,0.38994756
1234,1.9042156
1235,0.19298404
1236,0.15398675
1237,0.10446674
1238,19.57568
1239,0.5928475
1240,0.73581165
1241,0.47670415
1242,0.3552186
1243,0.55022997
1244,0.4142004
1245,0.7732828
1246,0.66151965
1247,0.6442734
1248,-0.014173329
1249,0.5182495
1250,0.7169683
1251,0.48961762
1252,0.09898704
1253,0.58560365
1254,0.13230652
1255,0.71030664
1256,9.241917
1257,0.5742416
1258,0.5607455
1259,0.4404609
1260,0.52124655
1261,2.7121513
1262,0.23535556
1263,0.61764675
1264,0.60700476
1265,-0.013851106
1266,0.17114586
1267,0.7736599
1268,0.63917
1269,0.35096747
1270,0.5846956
1271,0.23479992
1272,0.540625
1273,0.45170662
1274,0.43567088
1275,0.41740957
1276,0.7140292
1277,0.80961704
1278,0.5376091
1279,0.5424565
1280,-0.017909467
1281,0.5953274
1282,0.5758357
1283,0.63658464
1284,1.4349262
1285,0.44024047
1286,0.59035707
1287,-0.018745363
1288,0.16173059
1289,0.31226116
1290,0.81161994
1291,4.9585285
1292,0.36295086
1293,0.47732338
1294,0.3349865
1295,0.7726924
1296,0.6081941
1297,0.5751641
1298,4.4645386
1299,0.6319824
1300,0.7097837
1301,0.66978294
1302,0.28559297
1303,0.6517431
1304,0.43479452
1305,-0.014388025
1306,0.57879794
1307,0.82678604
1308,9.928886
1309,0.11837524
1310,17.35629
1311,2.98825
1312,0.45981267
1313,0.40726236
1314,0.36825067
1315,0.5342082
1316,0.738419
1317,0.27323347
1318,0.8438251
1319,-0.016828954
1320,0.7471936
1321,0.51330006
1322,0.13415164
1323,0.66545916
1324,0.09500641
1325,0.626973
1326,0.5319617
1327,0.96174574
1328,15.626334
1329,0.20003265
1330,0.024042308
1331,0.59508836
1332,0.66181046
1333,0.2806657
1334,0.58077115
1335,0.61647695
1336,0.6236835
1337,0.31869382
1338,0.32898635
1339,1.5594265
1340,0.27925593
1341,0.55240995
1342,0.017662823
1343,0.71638423
1344,0.5788845
1345,0.17558056
1346,0.29275686
1347,0.029403508
1348,8.482532
1349,0.5602443
1350,0.8223425
1351,0.5682382
1352,0.33586818
1353,0.07651693
1354,0.14759332
1355,0.6755517
1356,0.12694138
1357,0.67904305
1358,0.7094314
1359,0.60768276
1360,0.46686146
1361,0.45523188
1362,0.6676725
1363,0.7423947
1364,4.583845
1365,0.6682416
1366,16.961699
1367,2.9202917
1368,0.12344545
1369,-0.014231026
1370,0.5299145
1371,0.61666036
1372,0.42233434
1373,6.2218294
1374,0.069062054
1375,8.554285
1376,0.8208152
1377,0.6080677
1378,19.015408
1379,0.70050013
1380,0.46967527
1381,0.009203732
1382,2.879604
1383,0.44475827
1384,0.4822828
1385,0.8480347
1386,0.8620058
1387,0.3835421
1388,0.03144318
1389,0.6370704
1390,0.119987786
1391,0.7176539
1392,0.5792208
1393,0.20930773
1394,0.40371713
1395,0.41365173
1396,9.762749
1397,0.4944723
1398,0.2377252
1399,0.19693047
1400,0.082743585
1401,0.45038638
1402,0.5764235
1403,0.5920058
1404,0.79206705
1405,0.30914205
1406,9.26524
1407,0.2647025
1408,0.8431532
1409,-0.019686162
1410,0.31673712
1411,0.4692615
1412,0.39519235
1413,0.5957859
1414,0.45171908
1415,0.7776377
1416,0.23958772
1417,0.43448576
1418,0.7983122
1419,0.39965227
1420,0.6968651
1421,0.29740316
1422,0.24254066
1423,0.22022432
1424,0.81507754
1425,2.8371944
1426,0.8727672
1427,0.2682988
1428,0.17232949
1429,0.35155648
1430,0.8039569
1431,0.5590222
1432,0.62702036
1433,0.38345614
1434,0.5007138
1435,0.50228095
1436,3.941686
1437,0.7311817
1438,0.41810194
1439,0.50686204
1440,0.46637204
1441,0.6895992
1442,0.50016093
1443,0.2828341
1444,0.2682404
1445,-0.011673629
1446,5.8998146
1447,0.0845744
1448,0.69141555
1449,0.50061643
1450,0.12584239
1451,0.809488
1452,0.3241437
1453,3.3612337
1454,0.44854936
1455,0.7280481
1456,0.82341737
1457,0.65419954
1458,0.5942189
1459,0.574341
1460,0.5461595
1461,0.84037924
1462,0.6140578
1463,0.45947322
1464,5.064917
1465,14.460529
1466,0.6903772
1467,0.13819534
1468,0.5049653
1469,-0.015737712
1470,0.2985714
1471,9.127785
1472,7.642151
1473,0.28082734
1474,0.7423433
1475,17.956577
1476,0.55381703
1477,0.17979103
1478,0.69097614
1479,1.6488124
1480,0.7282282
1481,0.6538892
1482,-0.01845187
1483,0.3996707
1484,0.28270835
1485,0.10461253
1486,0.7542281
1487,0.7161458
1488,0.350622
1489,0.098303735
1490,0.39944306
1491,0.65220165
1492,0.54214966
1493,0.33052117
1494,0.5777125
1495,2.581972
1496,5.2540283
1497,0.27791816
1498,0.69329756
1499,0.18231148
1500,0.1607787
1501,0.8040568
1502,0.5327927
1503,-0.020218313
1504,0.23278397
1505,0.66433066
1506,0.5207665
1507,1.4436164
1508,0.6789159
1509,0.71791905
1510,0.82984924
1511,0.7014527
1512,0.37828177
1513,0.73087525
1514,0.3501826
1515,0.88465893
1516,0.27770692
1517,0.32643396
1518,0.5294788
1519,0.57016134
1520,12.758135
1521,0.011736929
1522,0.754085
1523,0.50469434
1524,0.5974927
1525,0.5397272
1526,0.2891919
1527,0.22070819
1528,0.72709095
1529,-0.01111418
1530,0.6860802
1531,0.7407622
1532,0.022375882
1533,0.65458286
1534,0.26572174
1535,0.44629928
1536,0.7398841
1537,0.10280377
1538,0.16867608
1539,0.55553365
1540,0.12831277
1541,0.1529116
1542,0.61809784
1543,0.57667416
1544,0.8974674
1545,4.446674
1546,7.180243
1547,0.37574214
1548,0.92377543
1549,7.8968635
1550,0.41476968
1551,0.4439505
1552,0.6081873
1553,8.727388
1554,0.13192219
1555,0.3309912
1556,0.26330584
1557,0.07667786
1558,0.23150247
1559,0.8551558
1560,0.48687187
1561,1.3775439
1562,0.34166723
1563,0.15289205
1564,0.41741464
1565,0.4227554
1566,-0.018428385
1567,0.6375744
1568,0.7568012
1569,0.020286739
1570,0.7111859
1571,1.6293931
1572,0.4436774
1573,2.9100626
1574,-0.018007457
1575,2.7400584
1576,0.6815732
1577,0.68330413
1578,0.71432126
1579,0.54630315
1580,0.389497
1581,0.45547828
1582,0.5645798
1583,0.17830664
1584,0.3153482
1585,0.4541417
1586,0.60108227
1587,5.2273846
1588,0.6389927
1589,0.67845994
1590,0.69594646
1591,0.3991368
1592,13.763487
1593,0.6819603
1594,0.49836847
1595,0.7387729
1596,0.70371157
1597,8.716352
1598,0.41814217
1599,0.59462273
1600,-0.003745258
1601,5.4088545
1602,0.2785495
1603,0.3000868
1604,0.41020426
1605,0.5432967
1606,0.99159586
1607,0.5633663
1608,6.515942
1609,0.32215124
1610,0.7478947
1611,0.69830954
1612,0.6387788
1613,0.75792223
1614,0.33127612
1615,0.53651595
1616,0.56479824
1617,0.7275307
1618,0.43376103
1619,0.31413454
1620,0.36960167
1621,0.4957812
1622,14.56012
1623,0.6405962
1624,0.17544562
1625,0.24386424
1626,0.16095775
1627,0.08121878
1628,6.456425
1629,0.5142499
1630,0.1684745
1631,5.15595
1632,0.71205425
1633,0.42218062
1634,0.36504573
1635,10.827204
1636,0.30563563
1637,0.59056747
1638,0.5192661
1639,0.003827274
1640,0.8579022
1641,0.57033986
1642,0.5351701
1643,3.272747
1644,0.35926312
1645,11.948066
1646,0.33021075
1647,0.011817753
1648,0.7101074
1649,0.006826341
1650,0.21753055
1651,-0.020438612
1652,-0.006785333
1653,0.14873773
1654,7.8878927
1655,0.72839695
1656,0.19962245
1657,0.2783838
1658,0.5264573
1659,0.5891275
1660,1.0273172
1661,0.28095907
1662,0.26132315
1663,0.68337715
1664,0.7435856
1665,11.68046
1666,0.5114796
1667,0.7460102
1668,0.45196995
1669,-0.014232814
1670,0.50597036
1671,0.6098219
1672,0.5719818
1673,0.6748185
1674,12.374046
1675,0.6027468
1676,0.5046017
1677,0.2518918
1678,0.7652595
1679,0.59441483
1680,0.35918933
1681,-0.013033092
1682,2.547356
1683,0.5897125
1684,0.19630653
1685,0.4659702
1686,9.496014
1687,0.6163945
1688,0.66063356
1689,0.7929083
1690,0.19250733
1691,0.26242357
1692,0.45255467
1693,3.2569146
1694,0.20104939
1695,9.442976
1696,0.6060317
1697,0.37604553
1698,0.14856082
1699,0.6903143
1700,0.5153692
1701,0.5581797
1702,0.3174171
1703,0.30695564
1704,0.56573886
1705,0.13823193
1706,0.79247224
1707,6.2144814
1708,0.7340895
1709,0.5778127
1710,0.7890657
1711,0.68932456
1712,0.19208282
1713,0.71574473
1714,0.6173525
1715,4.0996976
1716,0.24246424
1717,0.6377969
1718,11.195019
1719,0.29504532
1720,0.37256736
1721,0.38955238
1722,0.7898958
1723,0.3968968
1724,0.01111418
1725,0.328628
1726,6.423836
1727,0.52502966
1728,0.32031173
1729,0.6879468
1730,0.48292032
1731,0.08600944
1732,0.08442944
1733,0.6728138
1734,-0.017242491
1735,0.6195141
1736,0.4146907
1737,0.27627295
1738,0.57953393
1739,0.5725187
1740,0.27524823
1741,0.21982187
1742,0.17420512
1743,0.55114776
1744,0.7361102
1745,0.5506295
1746,0.37068802
1747,0.7746867
1748,0.4609901
1749,0.84796566
1750,0.3899201
1751,0.5603336
1752,5.491942
1753,11.522582
1754,0.52959037
1755,0.10310835
1756,0.3144105
1757,3.6102695
1758,0.53955805
1759,8.178353
1760,0.7721179
1761,0.7366026
1762,0.1301933
1763,0.61260134
1764,0.594676
1765,0.5816691
1766,0.50059235
1767,10.566635
1768,0.2415604
1769,0.40573135
1770,0.35889834
1771,0.022699416
1772,-0.018537581
1773,0.6345606
1774,0.05496031
1775,0.768625
1776,-0.014931619
1777,4.750688
1778,0.5161052
1779,0.5817521
1780,0.20405406
1781,6.4443126
1782,0.46502182
1783,0.6418614
1784,0.5080992
1785,0.15679497
1786,0.59897023
1787,0.42540738
1788,18.552856
1789,0.33297604
1790,0.6284705
1791,0.67616886
1792,0.49216136
1793,3.0194926
1794,0.34934455
1795,0.7207041
1796,0.5779006
1797,13.357673
1798,0.10155648
1799,0.644458
1800,0.28362733
1801,-0.01186043
1802,0.58158684
1803,19.112974
1804,0.49805996
1805,0.42956653
1806,0.6902901
1807,0.85825336
1808,0.20326632
1809,0.6152501
1810,0.81517076
1811,0.17154425
1812,0.6623347
1813,3.9725347
1814,0.24868625
1815,0.6002416
1816,0.6098182
1817,3.2634401
1818,0.17113334
1819,0.21540087
1820,0.62943536
1821,0.6515817
1822,0.6258303
1823,3.0436797
1824,0.53231287
1825,0.38548753
1826,0.5832795
1827,0.18518633
1828,3.0823786
1829,0.8356892
1830,6.949047
1831,0.5431639
1832,-0.020499647
1833,0.71376044
1834,0.74770373
1835,0.6873688
1836,0.6708388
1837,-0.018999636
1838,0.35140222
1839,0.39250496
1840,0.63932586
1841,0.70047987
1842,0.19217807
1843,0.004588306
1844,7.8036656
1845,0.32481807
1846,0.68931156
1847,0.5916019
1848,0.36431974
1849,0.51164186
1850,0.66349936
1851,0.57034546
1852,0.3106658
1853,0.3507324
1854,0.70231724
1855,0.5663013
1856,0.7311969
1857,0.5357294
1858,7.1654468
1859,0.30546194
1860,0.53238094
1861,0.5685132
1862,0.22511154
1863,0.6685665
1864,0.57548237
1865,0.8253393
1866,0.14064604
1867,0.75420755
1868,0.17804176
1869,16.21256
1870,9.310539
1871,-0.01931125
1872,0.47545156
1873,-0.009322822
1874,0.47374478
1875,0.43938372
1876,0.43404636
1877,3.8213308
1878,3.3483007
1879,0.5900747
1880,-0.02016598
1881,0.3226803
1882,0.37287325
1883,0.18753535
1884,0.5112637
1885,0.20038813
1886,0.65637773
1887,0.41637853
1888,0.2961114
1889,8.7646265
1890,0.7606873
1891,0.48018995
1892,0.6437011
1893,0.7020975
1894,0.16984886
1895,0.012572944
1896,0.45219228
1897,8.062368
1898,0.63295853
1899,0.8032217
1900,0.10543746
1901,0.49223307
1902,0.3709914
1903,0.36953157
1904,0.21717972
1905,0.7088234
1906,0.5640764
1907,0.7903079
1908,0.6864764
1909,0.4814435
1910,0.49429837
1911,0.21495265
1912,0.5725593
1913,4.3891034
1914,0.2663409
1915,0.41398004
1916,-0.019845903
1917,0.37250513
1918,-0.020528376
1919,0.31575722
1920,0.13681704
1921,0.572511
1922,0.6922961
1923,-0.019609869
1924,17.792637
1925,0.6010279
1926,0.63686913
1927,0.64723283
1928,0.5142206
1929,13.027495
1930,0.13884312
1931,0.55429
1932,0.36627644
1933,0.69793075
1934,0.7268645
1935,0.2611044
1936,0.40230408
1937,0.79013956
1938,0.7261954
1939,0.5771529
1940,0.41372117
1941,0.608574
1942,3.5610225
1943,0.83615714
1944,1.9911416
1945,0.17444342
1946,0.6253578
1947,0.1687997
1948,17.979418
1949,0.14003497
1950,0.376862
1951,0.6838379
1952,7.9622083
1953,0.50503874
1954,0.809362
1955,3.8570833
1956,0.1963188
1957,12.363894
1958,0.7123868
1959,0.96177834
1960,0.3602851
1961,16.876598
1962,4.1518636
1963,0.5043552
1964,0.50682545
1965,0.14467043
1966,3.126308
1967,19.638865
1968,0.7352091
1969,0.12590462
1970,8.176159
1971,0.54207766
1972,0.35470778
1973,0.1055606
1974,0.50187254
1975,0.5365156
1976,0.46413305
1977,1.4563656
1978,0.114916146
1979,0.25335532
1980,0.5918744
1981,0.5970048
1982,0.66449136
1983,0.58815706
1984,12.025602
1985,0.6213693
1986,0.42230907
1987,0.003688037
1988,0.5466144
1989,0.6074429
1990,0.025727928
1991,0.73714256
1992,0.44126728
1993,0.35799986
1994,0.5685468
1995,0.03343016
1996,4.74723
1997,5.426097
1998,0.76622164
1999,0.15608174
2000,0.50980365
2001,0.4561827
2002,0.20943362
2003,0.30902964
2004,0.090944946
2005,2.4064727
2006,14.895081
2007,0.7710754
2008,0.70379627
2009,6.993687
2010,0.67770046
2011,-0.020473659
2012,0.39419565
2013,0.06064731
2014,0.22521144
2015,0.5046705
2016,0.50041246
2017,0.6161964
2018,-0.01064235
2019,0.60215974
2020,0.41142187
2021,3.5166337
2022,-0.013667166
2023,0.7523301
2024,0.62540996
2025,0.6893856
2026,0.21825463
2027,0.5542763
2028,0.14315027
2029,0.7110466
2030,0.13633817
2031,0.34214586
2032,0.7273761
2033,0.13859862
2034,0.52742684
2035,0.5971595
2036,0.23817247
2037,1.6049249
2038,0.5021473
2039,0.359312
2040,0.16050833
2041,3.0344334
2042,0.31464618
2043,0.69041324
2044,0.56435543
2045,4.4746056
2046,0.61909235
2047,0.6494344
2048,0.10086304
2049,0.118552625
2050,0.020548403
2051,0.5176265
2052,0.15777344
2053,0.14002353
2054,3.653978
2055,2.165031
2056,0.5102576
2057,3.0995805
2058,0.14072925
2059,0.3500834
2060,0.7738395
2061,0.59201676
2062,0.83443487
2063,8.811776
2064,3.9884853
2065,0.667969
2066,11.09443
2067,0.16107923
2068,0.7197195
2069,0.7069307
2070,11.600595
2071,0.53814864
2072,0.69062203
2073,0.011476815
2074,1.015163
2075,0.63397455
2076,0.057646215
2077,0.34049398
2078,0.5280709
2079,0.44489977
2080,0.15592629
2081,0.5183921
2082,0.7127565
2083,0.18964416
2084,0.2544598
2085,3.3213952
2086,0.45481226
2087,-0.003977239
2088,0.44854692
2089,10.794346
2090,0.49916026
2091,0.7315807
2092,-0.018351257
2093,0.7897655
2094,0.7269847
2095,0.65263355
2096,5.268367
2097,0.6806275
2098,0.5817948
2099,0.7521229
2100,0.6264975
2101,0.5503442
2102,-0.018114507
2103,0.52830625
2104,3.1757615
2105,0.773059
2106,0.7032846
2107,4.572766
2108,0.17520124
2109,0.42285326
2110,0.06873125
2111,0.3291065
2112,0.40922567
2113,4.55649
2114,4.936546
2115,0.06574446
2116,12.367214
2117,0.6724643
2118,0.7689426
2119,0.5945126
2120,20.331741
2121,0.8537064
2122,13.297161
2123,0.33681744
2124,0.1257121
2125,0.6097744
2126,0.7040057
2127,0.40397844
2128,0.62927717
2129,1.7417145
2130,0.6317739
2131,7.113006
2132,0.4352688
2133,0.3324092
2134,0.7453066
2135,7.0488997
2136,0.81723905
2137,0.054273903
2138,0.6417871
2139,0.5072037
2140,0.683109
2141,0.9030202
2142,0.61895835
2143,0.5954736
2144,0.16186577
2145,9.866496
2146,0.72079563
2147,0.1337468
2148,0.23083061
2149,0.59271926
2150,0.26126295
2151,8.622506
2152,12.557388
2153,-0.00797683
2154,0.81658244
2155,0.6872939
2156,0.5222751
2157,0.74478114
2158,0.1165182
2159,0.4516423
2160,0.48523232
2161,0.5331743
2162,-0.018630445
2163,0.6143455
2164,0.29981738
2165,0.73238546
2166,0.4566534
2167,0.7133541
2168,10.7162
2169,0.44174334
2170,12.11249
2171,0.4525132
2172,0.4064841
2173,0.5463989
2174,0.25553602
2175,0.12198609
2176,7.7461243
2177,0.66176015
2178,0.6471283
2179,0.57693946
2180,-0.019529045
2181,0.027394593
2182,0.6876133
2183,26.062847
2184,0.4999784
2185,0.71126163
2186,0.5661871
2187,0.7295776
2188,-0.017409027
2189,0.117914855
2190,0.5951709
2191,0.55047387
2192,0.4789774
2193,0.5073457
2194,0.54370475
2195,0.6845475
2196,7.6279054
2197,0.39777073
2198,5.0053782
2199,0.63568026
2200,0.66686565
2201,0.5557099
2202,0.38246766
2203,0.34718472
2204,0.31399304
2205,5.3074293
2206,0.37899214
2207,0.3989658
2208,0.16229779
2209,0.13975245
2210,0.6060561
2211,0.3609981
2212,0.1084699
2213,0.57135123
2214,0.5278225
2215,14.297842
2216,0.00194031
2217,0.26623982
2218,0.56038207
2219,0.054699957
2220,0.70183945
2221,0.29373497
2222,0.29106277
2223,0.39926645
2224,4.982424
2225,0.6563488
2226,0.34090382
2227,0.7331126
2228,0.27495223
2229,0.59517294
2230,0.22634166
2231,0.79689276
2232,0.3103239
2233,0.43163803
2234,0.6394168
2235,0.4436485
2236,0.4914051
2237,11.299353
2238,0.5772879
2239,0.54287326
2240,0.3820506
2241,0.55813396
2242,0.4672788
2243,0.5008242
2244,7.2166753
2245,0.62605685
2246,0.43269405
2247,-0.013334572
2248,0.21524638
2249,0.712726
2250,0.58781445
2251,0.77015
2252,0.51262367
2253,0.7162681
2254,0.14613074
2255,0.42204788
2256,0.46665892
2257,0.13616174
2258,0.52230537
2259,0.36448628
2260,0.0866012
2261,0.10118586
2262,10.375361
2263,14.491715
2264,0.46656743
2265,0.35980457
2266,0.3485517
2267,11.961454
2268,0.07798308
2269,0.14423603
2270,0.28970796
2271,0.4085785
2272,0.56985694
2273,0.41375646
2274,8.373101
2275,0.60721004
2276,0.47310606
2277,0.4139717
2278,0.68631047
2279,0.5950655
2280,0.75783944
2281,0.17757589
2282,0.7212676
2283,0.46805236
2284,0.586788
2285,0.81812406
2286,8.621521
2287,0.30752414
2288,0.10658032
2289,0.21438521
2290,0.41882923
2291,0.57171315
2292,-0.019982278
2293,0.8155763
2294,0.6291098
2295,0.72965443
2296,0.4820641
2297,0.6252197
2298,-0.020532668
2299,0.3988842
2300,9.973127
2301,0.75575495
2302,0.64667046
2303,5.227118
2304,0.4482858
2305,0.6073254
2306,0.49410686
2307,0.66192424
2308,0.78897357
2309,0.23866147
2310,0.29008514
2311,0.3628103
2312,0.016940534
2313,1.8838558
2314,0.7900963
2315,-0.01698023
2316,5.0857744
2317,0.51990783
2318,0.46097252
2319,0.57171863
2320,0.50697637
2321,19.897467
2322,0.5861406
2323,8.044658
2324,0.83996975
2325,0.39933518
2326,0.49579367
2327,0.65657353
2328,0.32035178
2329,0.7101638
2330,0.4680871
2331,0.46183392
2332,0.37446982
2333,-0.005286872
2334,0.006565511
2335,0.56702125
2336,0.50428116
2337,0.14570516
2338,0.4423459
2339,0.50460935
2340,0.033938706
2341,0.33632582
2342,0.17762023
2343,0.8103183
2344,-0.01308769
2345,0.55644184
2346,0.6373181
2347,0.10597128
2348,0.7742235
2349,0.09262782
2350,3.1081226
2351,7.278479
2352,0.45569143
2353,8.899158
2354,0.71808994
2355,6.243957
2356,0.31263
2357,0.85325253
2358,0.5934535
2359,0.68884206
2360,0.62180537
2361,0.7381172
2362,9.154655
2363,0.7829447
2364,0.49257705
2365,0.60530216
2366,-0.02000469
2367,0.25633174
2368,0.68075275
2369,0.37125295
2370,0.7937157
2371,0.60497785
2372,1.830276
2373,0.8447655
2374,0.64593303
2375,0.2720613
2376,0.6260139
2377,0.6252996
2378,0.64603704
2379,0.18164057
2380,0.67975646
2381,0.2735222
2382,0.8033507
2383,4.1968045
2384,0.44125512
2385,10.754278
2386,0.66378576
2387,1.1823279
2388,0.37309033
2389,0.71815735
2390,0.6727457
2391,4.2874393
2392,0.6223411
2393,0.55286837
2394,7.530307
2395,0.6254765
2396,0.36528796
2397,0.7322863
2398,9.933246
2399,0.35565168
2400,0.585749
2401,0.24818164
2402,0.3240885
2403,0.39412603
2404,0.66636384
2405,0.6812076